strategy,entry_run,exit_run,final_value,total_return_pct,annual_return_pct,annualized_volatility_pct,sharpe_ratio,max_drawdown_pct,closed_trades,win_rate_pct,buy_hold_return_pct,trend_period
Hybrid Trend-Filtered Mean Reversion,1,1,7290319.662282071,428.91324874746635,16.250800192067867,22.06985241729474,0.04993803592137555,55.65097791330198,156,34.61538461538461,68657.96570502703,50
Hybrid Trend-Filtered Mean Reversion,1,2,7491366.933693645,431.6336375032563,16.361879051764422,22.954886646962848,0.04882583770227106,55.95160707971988,127,34.645669291338585,68657.96570502703,50
Hybrid Trend-Filtered Mean Reversion,1,3,9862600.18724198,459.1334937516671,17.49072937035007,23.60557230100575,0.050461396701267446,52.444462385945144,107,36.44859813084112,68657.96570502703,50
Hybrid Trend-Filtered Mean Reversion,1,4,10933999.906760156,469.44622849393386,17.916877863365617,24.276577715375474,0.050422483231682365,57.872779723037496,99,39.39393939393939,68657.96570502703,50
Hybrid Trend-Filtered Mean Reversion,1,5,10043975.469706662,460.9558092003114,17.5659199052241,24.737574809300202,0.049013046896894175,56.7046095290612,95,40.0,68657.96570502703,50
Hybrid Trend-Filtered Mean Reversion,1,6,14490285.224139187,497.60635333385085,19.088415310933186,25.295906752192753,0.05148379686174899,47.861831062402906,84,44.047619047619044,68657.96570502703,50
Hybrid Trend-Filtered Mean Reversion,1,7,18988288.16235059,524.6407469592325,20.22406874555632,25.8177377908923,0.05308276141701529,54.30460168534749,80,47.5,68657.96570502703,50
Hybrid Trend-Filtered Mean Reversion,1,8,16270283.137028493,509.1925416472373,19.573805229930883,26.470304295658938,0.050909173105307716,62.35051755972203,73,49.31506849315068,68657.96570502703,50
Hybrid Trend-Filtered Mean Reversion,1,9,18684804.682026934,523.0295702680547,20.156084409986626,26.869580555657986,0.05154080450493045,63.31896944609689,70,50.0,68657.96570502703,50
Hybrid Trend-Filtered Mean Reversion,1,10,18633537.728207562,522.7548153740292,20.144494839386216,27.107895974587525,0.05121785242570295,65.73121423058599,68,51.470588235294116,68657.96570502703,50
Hybrid Trend-Filtered Mean Reversion,2,1,1005796.7707586965,230.836512712491,8.44147091836419,19.814467844679786,0.03202002787251909,57.17514970389326,112,33.92857142857143,68657.96570502703,50
Hybrid Trend-Filtered Mean Reversion,2,2,933559.5127722772,223.38345272618375,8.15809754051742,20.7882412286147,0.030331793702135363,64.24942706210673,101,32.67326732673268,68657.96570502703,50
Hybrid Trend-Filtered Mean Reversion,2,3,1921896.0360317205,295.58973105243695,10.934914948440468,21.828067447427333,0.03684224705846491,68.03588516948734,88,35.22727272727273,68657.96570502703,50
Hybrid Trend-Filtered Mean Reversion,2,4,1831112.8787404858,290.7509005470262,10.74662075917158,22.49514328296678,0.03568724525580844,73.62930585349466,83,37.34939759036144,68657.96570502703,50
Hybrid Trend-Filtered Mean Reversion,2,5,1634919.9847828324,279.4178957174967,10.306867603353338,23.01775591587655,0.034115794693988816,72.86765790635849,81,38.2716049382716,68657.96570502703,50
Hybrid Trend-Filtered Mean Reversion,2,6,2663268.958096836,328.2139392884652,12.212808813431174,23.730502693779005,0.03808029154144125,64.29077084396219,74,40.54054054054054,68657.96570502703,50
Hybrid Trend-Filtered Mean Reversion,2,7,3790444.8219811297,363.5068472478724,13.611817071328113,24.33760118064529,0.04071314106304621,68.9596335941532,70,45.714285714285715,68657.96570502703,50
Hybrid Trend-Filtered Mean Reversion,2,8,3441343.937145343,353.84471674867416,13.227086132465537,25.051986698752042,0.03916423519270445,72.83381170497084,67,46.26865671641791,68657.96570502703,50
Hybrid Trend-Filtered Mean Reversion,2,9,3782381.483020534,363.29389262081276,13.603323478471552,25.478634497303947,0.03959422183507906,75.80596446559515,64,46.875,68657.96570502703,50
Hybrid Trend-Filtered Mean Reversion,2,10,3530595.350545664,356.4051604264186,13.328911937795146,25.704903107269843,0.038798087202159444,79.41676244205416,63,47.61904761904761,68657.96570502703,50
Hybrid Trend-Filtered Mean Reversion,3,1,463202.00177281094,153.299306187796,5.52937927867612,16.960647404912148,0.025316998071815956,44.29326026077595,90,30.0,68657.96570502703,50
Hybrid Trend-Filtered Mean Reversion,3,2,421877.15579025866,143.95439856470006,5.183731895163896,17.86190920148232,0.02343928124762586,53.56499209674367,81,33.33333333333333,68657.96570502703,50
Hybrid Trend-Filtered Mean Reversion,3,3,1009539.0322012474,231.20789159021746,8.455610546836477,19.368753258386658,0.03248917067507203,61.04044299251085,74,36.486486486486484,68657.96570502703,50
Hybrid Trend-Filtered Mean Reversion,3,4,800827.7729119199,208.0475722869973,7.57733814810391,19.884293638731236,0.029396073735445834,65.92590915076683,72,34.72222222222222,68657.96570502703,50
Hybrid Trend-Filtered Mean Reversion,3,5,753250.8303564357,201.9228094386711,7.346269872221405,20.316354348551428,0.02837231762149628,63.352713615911206,71,33.80281690140845,68657.96570502703,50
Hybrid Trend-Filtered Mean Reversion,3,6,963827.4487962363,226.57420975762815,8.279322802045662,21.078568235817595,0.030406533782254247,60.8249275706704,66,34.84848484848485,68657.96570502703,50
Hybrid Trend-Filtered Mean Reversion,3,7,1503267.381253028,271.02260863147853,9.982232605690097,21.734074110978792,0.034415533297205536,64.29195633173941,62,40.32258064516129,68657.96570502703,50
Hybrid Trend-Filtered Mean Reversion,3,8,1283829.3676296242,255.24323981768032,9.37464785003285,22.468199365010623,0.0322151837031721,66.8743905306759,61,39.34426229508197,68657.96570502703,50
Hybrid Trend-Filtered Mean Reversion,3,9,1427588.6223275762,265.8571835806001,9.782967176595754,22.932022409942483,0.03287370198653541,67.50956340708917,60,43.333333333333336,68657.96570502703,50
Hybrid Trend-Filtered Mean Reversion,3,10,1498102.2345712474,270.6784223137662,9.968943768468089,23.1262742212095,0.0331833931636779,69.18612341725265,59,40.67796610169492,68657.96570502703,50
Hybrid Trend-Filtered Mean Reversion,4,1,411974.85035607126,141.5792118673176,5.096059604060275,12.285727041289936,0.029313587391895417,39.07767200151937,50,28.000000000000004,68657.96570502703,50
Hybrid Trend-Filtered Mean Reversion,4,2,329937.3471806497,119.37325934189732,4.2799261738156975,13.293530315459535,0.02401084735979158,44.60609209019518,48,31.25,68657.96570502703,50
Hybrid Trend-Filtered Mean Reversion,4,3,559069.1564623283,172.1102994116648,6.228604415775889,15.171641936491437,0.02983435952383105,52.765868758234966,45,35.55555555555556,68657.96570502703,50
Hybrid Trend-Filtered Mean Reversion,4,4,447972.4900458632,149.95616383938324,5.405593571650858,15.571005222221679,0.026176427475334146,58.71368112046199,45,37.77777777777778,68657.96570502703,50
Hybrid Trend-Filtered Mean Reversion,4,5,476795.45561599155,156.1917398710899,5.636593995440997,15.979895453218628,0.026622517784656317,63.210595284850115,44,34.090909090909086,68657.96570502703,50
Hybrid Trend-Filtered Mean Reversion,4,6,496094.3057863654,160.15958552977187,5.783848561110282,16.959080872926744,0.02620725748618303,62.42180480927847,43,37.2093023255814,68657.96570502703,50
Hybrid Trend-Filtered Mean Reversion,4,7,832068.0319946619,211.87440207145497,7.721964954151861,17.79258009169472,0.031915487983646545,56.21537767623573,40,40.0,68657.96570502703,50
Hybrid Trend-Filtered Mean Reversion,4,8,919699.3443951028,221.8876631073838,8.101315288173232,17.998796362111968,0.03290705445248655,57.16319427158788,40,37.5,68657.96570502703,50
Hybrid Trend-Filtered Mean Reversion,4,9,1066344.0163462379,236.68210836984977,8.664246184105803,18.73205035453463,0.033815204998721184,54.55714332053055,40,40.0,68657.96570502703,50
Hybrid Trend-Filtered Mean Reversion,4,10,1133605.6314616932,242.79884701439417,8.89784469639725,19.252661891074034,0.03393161813481922,51.817591836959046,40,37.5,68657.96570502703,50
Hybrid Trend-Filtered Mean Reversion,5,1,103105.23317961524,3.0579962035852097,0.10741555439655438,4.6141654647240955,0.0029282578053394914,22.103035210865496,19,21.052631578947366,68657.96570502703,50
Hybrid Trend-Filtered Mean Reversion,5,2,82914.77231338398,-18.735694535023452,-0.6556006281005332,5.226396799798303,-0.006257390649624357,28.922373323888685,19,26.31578947368421,68657.96570502703,50
Hybrid Trend-Filtered Mean Reversion,5,3,102535.82292064204,2.5042043441002875,0.08795444085733678,6.719273878715741,0.0029540300980268564,29.468894454449924,19,36.84210526315789,68657.96570502703,50
Hybrid Trend-Filtered Mean Reversion,5,4,85051.40645789137,-16.191433044707527,-0.5668245010423136,7.2117858221839874,-0.0026700622962579166,38.30493631245465,19,26.31578947368421,68657.96570502703,50
Hybrid Trend-Filtered Mean Reversion,5,5,85215.3047369614,-15.99891352219808,-0.560103749372449,7.465424128853816,-0.0023643615393929758,36.476595300006856,19,26.31578947368421,68657.96570502703,50
Hybrid Trend-Filtered Mean Reversion,5,6,80729.42842906572,-21.406701263762283,-0.7487139563534297,7.925889274490351,-0.003446100851914047,43.88805743510572,19,31.57894736842105,68657.96570502703,50
Hybrid Trend-Filtered Mean Reversion,5,7,71614.0264722698,-33.38792307567834,-1.1653158849326646,8.325981234522713,-0.006214213805879362,49.51665255650626,19,26.31578947368421,68657.96570502703,50
Hybrid Trend-Filtered Mean Reversion,5,8,87518.44481774584,-13.332061692218636,-0.4669586611868926,8.410286609857412,-0.0008332485418293366,43.39753724834457,19,36.84210526315789,68657.96570502703,50
Hybrid Trend-Filtered Mean Reversion,5,9,93266.89161210819,-6.970500057524647,-0.24441605938197242,8.762782053764719,0.0010169066578711822,42.203010576540265,19,36.84210526315789,68657.96570502703,50
Hybrid Trend-Filtered Mean Reversion,5,10,105399.03402825508,5.258328525985914,0.18477607197368656,8.809802369330244,0.004112367337098866,34.21343963421433,19,31.57894736842105,68657.96570502703,50
Hybrid Trend-Filtered Mean Reversion,6,1,101333.7581847042,1.3249419353444198,0.0465259171496331,2.7867072460226803,0.0019362668190033264,16.188569367071974,7,28.57142857142857,68657.96570502703,50
Hybrid Trend-Filtered Mean Reversion,6,2,92884.42070369347,-7.381425386876963,-0.2588062281573262,3.2718802089637524,-0.003933541170571112,20.645402513034398,7,28.57142857142857,68657.96570502703,50
Hybrid Trend-Filtered Mean Reversion,6,3,118429.79489677923,16.91501508919105,0.5956067647576969,4.703916885552158,0.009449764744527866,24.753464657351966,7,42.857142857142854,68657.96570502703,50
Hybrid Trend-Filtered Mean Reversion,6,4,113941.15425168682,13.051193835940461,0.4592431185482087,4.822580451108877,0.007520998983084055,23.95560489819768,7,57.14285714285714,68657.96570502703,50
Hybrid Trend-Filtered Mean Reversion,6,5,116192.36792344369,15.0076975751521,0.5282697742129847,4.95632488870984,0.008275248997468239,25.25704340799714,7,57.14285714285714,68657.96570502703,50
Hybrid Trend-Filtered Mean Reversion,6,6,103393.187176452,3.3368885873474765,0.11721770231623567,5.376435511064139,0.0030952831899968627,33.94242446496597,7,71.42857142857143,68657.96570502703,50
Hybrid Trend-Filtered Mean Reversion,6,7,111538.04386294707,10.919554728095447,0.3840915285167619,5.242820993324304,0.006275006401676885,30.72339248808986,7,57.14285714285714,68657.96570502703,50
Hybrid Trend-Filtered Mean Reversion,6,8,113843.20757346855,12.965194355141893,0.45621009165066645,5.484873138417296,0.006972057173906623,30.849737056603246,7,57.14285714285714,68657.96570502703,50
Hybrid Trend-Filtered Mean Reversion,6,9,113943.58845836652,13.053330184913047,0.45931846440010204,5.559991717214281,0.006959270432373005,29.70011172944519,7,57.14285714285714,68657.96570502703,50
Hybrid Trend-Filtered Mean Reversion,6,10,123960.99611149532,21.479678264856716,0.7569433531434762,5.6215616351421565,0.010236466550419022,25.18557723872069,7,57.14285714285714,68657.96570502703,50
Hybrid Trend-Filtered Mean Reversion,7,1,113092.13405336709,12.30326461156069,0.43286823961079907,1.977369060026404,0.014383250467484298,6.813423882740867,3,33.33333333333333,68657.96570502703,50
Hybrid Trend-Filtered Mean Reversion,7,2,106820.68981973396,6.598144667963305,0.23191136036469812,2.116251458106606,0.0075632446629626945,8.959076365025364,3,33.33333333333333,68657.96570502703,50
Hybrid Trend-Filtered Mean Reversion,7,3,117616.21576683056,16.22567291443262,0.5712646446661848,2.976835359757669,0.012992474779302399,15.242980299754981,3,66.66666666666666,68657.96570502703,50
Hybrid Trend-Filtered Mean Reversion,7,4,114088.119695709,13.180094359831168,0.4637893495344802,3.1389038544254935,0.010278121330380767,15.006008793563456,3,66.66666666666666,68657.96570502703,50
Hybrid Trend-Filtered Mean Reversion,7,5,119544.93109736891,17.8522107162629,0.6287105612444605,3.1946329462081082,0.013367775815542327,13.927805137523887,3,66.66666666666666,68657.96570502703,50
Hybrid Trend-Filtered Mean Reversion,7,6,122097.9725829363,19.965359042835416,0.7033915538187148,3.205956871591234,0.014785467424429287,14.381987827036733,3,66.66666666666666,68657.96570502703,50
Hybrid Trend-Filtered Mean Reversion,7,7,122248.25782437356,20.0883691339975,0.7077405727888079,3.3655464542234474,0.014262892790405464,14.887621361581134,3,66.66666666666666,68657.96570502703,50
Hybrid Trend-Filtered Mean Reversion,7,8,120724.42409905672,18.834027540649533,0.6634021600144465,3.378958684880752,0.013393722950992152,15.407462650173645,3,66.66666666666666,68657.96570502703,50
Hybrid Trend-Filtered Mean Reversion,7,9,119982.83858942984,18.21785348120472,0.6416288162660602,3.4107894189145416,0.012889032088402082,16.014420111977405,3,66.66666666666666,68657.96570502703,50
Hybrid Trend-Filtered Mean Reversion,7,10,123128.06180536385,20.805478064970327,0.7330976819416763,3.4640580656424307,0.014375855696097721,13.621995262079432,3,66.66666666666666,68657.96570502703,50
Hybrid Trend-Filtered Mean Reversion,8,1,100000.0,0.0,0.0,0.0,,0.0,0,0.0,68657.96570502703,50
Hybrid Trend-Filtered Mean Reversion,8,2,100000.0,0.0,0.0,0.0,,0.0,0,0.0,68657.96570502703,50
Hybrid Trend-Filtered Mean Reversion,8,3,100000.0,0.0,0.0,0.0,,0.0,0,0.0,68657.96570502703,50
Hybrid Trend-Filtered Mean Reversion,8,4,100000.0,0.0,0.0,0.0,,0.0,0,0.0,68657.96570502703,50
Hybrid Trend-Filtered Mean Reversion,8,5,100000.0,0.0,0.0,0.0,,0.0,0,0.0,68657.96570502703,50
Hybrid Trend-Filtered Mean Reversion,8,6,100000.0,0.0,0.0,0.0,,0.0,0,0.0,68657.96570502703,50
Hybrid Trend-Filtered Mean Reversion,8,7,100000.0,0.0,0.0,0.0,,0.0,0,0.0,68657.96570502703,50
Hybrid Trend-Filtered Mean Reversion,8,8,100000.0,0.0,0.0,0.0,,0.0,0,0.0,68657.96570502703,50
Hybrid Trend-Filtered Mean Reversion,8,9,100000.0,0.0,0.0,0.0,,0.0,0,0.0,68657.96570502703,50
Hybrid Trend-Filtered Mean Reversion,8,10,100000.0,0.0,0.0,0.0,,0.0,0,0.0,68657.96570502703,50
Hybrid Trend-Filtered Mean Reversion,9,1,100000.0,0.0,0.0,0.0,,0.0,0,0.0,68657.96570502703,50
Hybrid Trend-Filtered Mean Reversion,9,2,100000.0,0.0,0.0,0.0,,0.0,0,0.0,68657.96570502703,50
Hybrid Trend-Filtered Mean Reversion,9,3,100000.0,0.0,0.0,0.0,,0.0,0,0.0,68657.96570502703,50
Hybrid Trend-Filtered Mean Reversion,9,4,100000.0,0.0,0.0,0.0,,0.0,0,0.0,68657.96570502703,50
Hybrid Trend-Filtered Mean Reversion,9,5,100000.0,0.0,0.0,0.0,,0.0,0,0.0,68657.96570502703,50
Hybrid Trend-Filtered Mean Reversion,9,6,100000.0,0.0,0.0,0.0,,0.0,0,0.0,68657.96570502703,50
Hybrid Trend-Filtered Mean Reversion,9,7,100000.0,0.0,0.0,0.0,,0.0,0,0.0,68657.96570502703,50
Hybrid Trend-Filtered Mean Reversion,9,8,100000.0,0.0,0.0,0.0,,0.0,0,0.0,68657.96570502703,50
Hybrid Trend-Filtered Mean Reversion,9,9,100000.0,0.0,0.0,0.0,,0.0,0,0.0,68657.96570502703,50
Hybrid Trend-Filtered Mean Reversion,9,10,100000.0,0.0,0.0,0.0,,0.0,0,0.0,68657.96570502703,50
Hybrid Trend-Filtered Mean Reversion,10,1,100000.0,0.0,0.0,0.0,,0.0,0,0.0,68657.96570502703,50
Hybrid Trend-Filtered Mean Reversion,10,2,100000.0,0.0,0.0,0.0,,0.0,0,0.0,68657.96570502703,50
Hybrid Trend-Filtered Mean Reversion,10,3,100000.0,0.0,0.0,0.0,,0.0,0,0.0,68657.96570502703,50
Hybrid Trend-Filtered Mean Reversion,10,4,100000.0,0.0,0.0,0.0,,0.0,0,0.0,68657.96570502703,50
Hybrid Trend-Filtered Mean Reversion,10,5,100000.0,0.0,0.0,0.0,,0.0,0,0.0,68657.96570502703,50
Hybrid Trend-Filtered Mean Reversion,10,6,100000.0,0.0,0.0,0.0,,0.0,0,0.0,68657.96570502703,50
Hybrid Trend-Filtered Mean Reversion,10,7,100000.0,0.0,0.0,0.0,,0.0,0,0.0,68657.96570502703,50
Hybrid Trend-Filtered Mean Reversion,10,8,100000.0,0.0,0.0,0.0,,0.0,0,0.0,68657.96570502703,50
Hybrid Trend-Filtered Mean Reversion,10,9,100000.0,0.0,0.0,0.0,,0.0,0,0.0,68657.96570502703,50
Hybrid Trend-Filtered Mean Reversion,10,10,100000.0,0.0,0.0,0.0,,0.0,0,0.0,68657.96570502703,50
Hybrid Trend-Filtered Mean Reversion,1,1,8031615.469468523,438.59707799802175,16.646693911180417,23.33111680922958,0.048920449048388236,45.45418002106883,97,31.958762886597935,68657.96570502703,100
Hybrid Trend-Filtered Mean Reversion,1,2,15590072.04086811,504.9219397019578,19.394663524636215,23.70950994281621,0.05456205048653369,42.266959803903426,78,33.33333333333333,68657.96570502703,100
Hybrid Trend-Filtered Mean Reversion,1,3,18163039.188614693,520.1973808365956,20.036672056097387,24.02748134353438,0.05544509633949702,42.32302317039457,68,39.705882352941174,68657.96570502703,100
Hybrid Trend-Filtered Mean Reversion,1,4,22578632.759695522,541.9589098938768,20.957249809408836,24.443096472685397,0.056732548220010025,42.6729552274065,58,39.6551724137931,68657.96570502703,100
Hybrid Trend-Filtered Mean Reversion,1,5,17923805.043519188,518.8714813018753,19.98080952929608,24.752798417520697,0.054154232974910246,47.18390371415622,52,46.15384615384615,68657.96570502703,100
Hybrid Trend-Filtered Mean Reversion,1,6,15273505.178617569,502.8704732616071,19.30870478551239,24.998342280847563,0.05236203432318055,44.692812696091096,49,44.89795918367347,68657.96570502703,100
Hybrid Trend-Filtered Mean Reversion,1,7,13251759.473613156,488.6715427071774,18.715447808315293,25.2156714419582,0.050802192337191035,50.003233753434095,46,39.130434782608695,68657.96570502703,100
Hybrid Trend-Filtered Mean Reversion,1,8,12237169.537901832,480.7063096433093,18.383938501106062,25.440600841442862,0.04979893293027247,56.043465095343066,45,40.0,68657.96570502703,100
Hybrid Trend-Filtered Mean Reversion,1,9,13507513.875076555,490.5831206942376,18.795144827604204,25.71706247353673,0.05028483651789326,49.48765021285016,43,39.53488372093023,68657.96570502703,100
Hybrid Trend-Filtered Mean Reversion,1,10,15908338.579918269,506.9428503738736,19.479402496851485,25.961943140963108,0.05135941710608801,51.653719012525244,41,43.90243902439025,68657.96570502703,100
Hybrid Trend-Filtered Mean Reversion,2,1,3147771.516933527,344.9279840525515,12.873191822174554,22.067958673203307,0.04152115041110225,58.53080727671923,79,31.645569620253166,68657.96570502703,100
Hybrid Trend-Filtered Mean Reversion,2,2,5473820.775316591,400.25619619944337,15.087098317012371,22.489519572294075,0.04644469121634013,52.797762314245126,68,41.17647058823529,68657.96570502703,100
Hybrid Trend-Filtered Mean Reversion,2,3,6034198.16811644,410.00280751068516,15.481574342474083,22.829217724107984,0.0469098131659692,60.744813443062824,60,43.333333333333336,68657.96570502703,100
Hybrid Trend-Filtered Mean Reversion,2,4,9280971.195138823,453.0551288964819,17.2402775726895,23.42872437609957,0.05015037897923928,59.91543105570909,50,42.0,68657.96570502703,100
Hybrid Trend-Filtered Mean Reversion,2,5,7254118.117280709,428.41544167771525,16.230485223798915,23.762999485823666,0.04736146879393635,58.37209310663935,46,43.47826086956522,68657.96570502703,100
Hybrid Trend-Filtered Mean Reversion,2,6,6224654.540761186,413.1103038344836,15.60762854410295,24.03010597597177,0.04559533769487603,64.39123656411869,43,46.51162790697674,68657.96570502703,100
Hybrid Trend-Filtered Mean Reversion,2,7,5759046.2467167545,405.33569718243746,15.29251327568146,24.232437810971657,0.04463302800121444,66.8097278771561,40,37.5,68657.96570502703,100
Hybrid Trend-Filtered Mean Reversion,2,8,5647945.57569321,403.3876957106904,15.213692813418811,24.46866679293692,0.04417177362101397,69.97908607150399,39,41.02564102564102,68657.96570502703,100
Hybrid Trend-Filtered Mean Reversion,2,9,6666526.687332697,419.96840807593935,15.886311616753835,24.776087243116304,0.04529500566603164,64.76024842156605,38,42.10526315789473,68657.96570502703,100
Hybrid Trend-Filtered Mean Reversion,2,10,8568641.963727612,445.06943490712166,16.912047819717195,25.037186363917847,0.04720557391175078,62.58033292638731,37,45.94594594594595,68657.96570502703,100
Hybrid Trend-Filtered Mean Reversion,3,1,3263612.0351679865,348.54196612567716,13.016492889817362,20.88679178443712,0.043479678756001304,62.42137504747751,59,30.508474576271187,68657.96570502703,100
Hybrid Trend-Filtered Mean Reversion,3,2,4677609.2806687215,384.5372234937743,14.453739077488454,21.287363563063536,0.04664832319347406,53.85951068019444,52,36.53846153846153,68657.96570502703,100
Hybrid Trend-Filtered Mean Reversion,3,3,4308306.705322967,376.3130044118652,14.123753525982616,21.657610234360387,0.0452408773079133,56.01324921250277,49,36.734693877551024,68657.96570502703,100
Hybrid Trend-Filtered Mean Reversion,3,4,7918722.946413332,437.1815041679415,16.58873848082261,22.363516657627976,0.05027581038471261,56.36353373599163,42,42.857142857142854,68657.96570502703,100
Hybrid Trend-Filtered Mean Reversion,3,5,5454245.3428211445,399.8979360421303,15.072624105059292,22.685710039699327,0.04612856700004201,54.553193354792114,41,41.46341463414634,68657.96570502703,100
Hybrid Trend-Filtered Mean Reversion,3,6,4632527.601968293,383.56877304846586,14.41483181742241,22.956119972816172,0.04418302181686614,60.89668601237483,38,42.10526315789473,68657.96570502703,100
Hybrid Trend-Filtered Mean Reversion,3,7,4503239.440997181,380.73821065611884,14.301190469331008,23.182792003086853,0.043624432266410454,62.599017265660116,36,36.11111111111111,68657.96570502703,100
Hybrid Trend-Filtered Mean Reversion,3,8,4759197.1246771505,386.26640757244604,14.523241530084196,23.510283895974222,0.043738974011913456,66.27540155242838,35,37.142857142857146,68657.96570502703,100
Hybrid Trend-Filtered Mean Reversion,3,9,5325503.245287359,397.5092306281359,14.976163582899968,23.829579671128943,0.044394562417545066,61.24153744693806,34,44.11764705882353,68657.96570502703,100
Hybrid Trend-Filtered Mean Reversion,3,10,6027333.754156991,409.8889842460319,15.476959762858822,24.051622347526234,0.045263927894621254,59.96564085770509,34,44.11764705882353,68657.96570502703,100
Hybrid Trend-Filtered Mean Reversion,4,1,2487386.2048613336,321.3817535208827,11.94397837363385,18.702928415633846,0.043879369443150115,59.638762619353706,41,31.70731707317073,68657.96570502703,100
Hybrid Trend-Filtered Mean Reversion,4,2,3570731.17507823,357.5355478760978,13.373895237584835,19.17420432153713,0.047259889619687336,56.81526276761042,39,38.46153846153847,68657.96570502703,100
Hybrid Trend-Filtered Mean Reversion,4,3,3412015.8539116327,352.9888369128402,13.193069214194256,19.513306799548154,0.04613279183602149,55.26327384336709,38,39.473684210526315,68657.96570502703,100
Hybrid Trend-Filtered Mean Reversion,4,4,4949208.339407129,390.1812725351346,14.680750752316237,20.238629179952618,0.048996772993859884,55.755022099800726,34,41.17647058823529,68657.96570502703,100
Hybrid Trend-Filtered Mean Reversion,4,5,4232456.546172585,374.536766126185,14.052609414942266,20.55716000301963,0.04675513985538354,52.134699590589896,33,39.39393939393939,68657.96570502703,100
Hybrid Trend-Filtered Mean Reversion,4,6,3530714.2577375015,356.4085282773824,13.32904593351534,20.839057870440016,0.04437664599690275,55.8303538777146,32,40.625,68657.96570502703,100
Hybrid Trend-Filtered Mean Reversion,4,7,4351798.67096137,377.3174340209534,14.164003834625927,21.31485803203239,0.04585477800343636,57.921872827949265,31,38.70967741935484,68657.96570502703,100
Hybrid Trend-Filtered Mean Reversion,4,8,5276525.786902059,396.5852979233647,14.938875092049189,21.589442565073682,0.04741248111426777,59.34748339211692,30,40.0,68657.96570502703,100
Hybrid Trend-Filtered Mean Reversion,4,9,5093217.539459345,393.0494853406537,14.79628684063469,21.737878788047084,0.04682265515115309,57.863105561154924,30,40.0,68657.96570502703,100
Hybrid Trend-Filtered Mean Reversion,4,10,6432763.959452472,416.398939260804,15.74118043511866,21.853467791109455,0.04901071214630122,55.808882928551625,30,40.0,68657.96570502703,100
Hybrid Trend-Filtered Mean Reversion,5,1,188812.5994835168,63.55848000491831,2.256446008392545,11.160093817050265,0.016124682809377188,56.40264741104267,20,30.0,68657.96570502703,100
Hybrid Trend-Filtered Mean Reversion,5,2,221667.7802649783,79.60095897388159,2.8339870127688793,11.267734460726707,0.01917714793620742,50.41557072687806,20,30.0,68657.96570502703,100
Hybrid Trend-Filtered Mean Reversion,5,3,237440.58620461295,86.47472428415362,3.082444783581828,11.503909748186146,0.020248327688353912,48.28516092006586,20,30.0,68657.96570502703,100
Hybrid Trend-Filtered Mean Reversion,5,4,605412.4122996532,180.07397130316585,6.526016882500503,14.96018453636766,0.031292767458353174,52.05232629203409,20,30.0,68657.96570502703,100
Hybrid Trend-Filtered Mean Reversion,5,5,684867.3771622437,192.40550235471758,6.988195876735949,15.179636983979128,0.032775638451497856,47.7054693102239,19,31.57894736842105,68657.96570502703,100
Hybrid Trend-Filtered Mean Reversion,5,6,548654.6627467955,170.22990279942053,6.15850011214791,15.477237483742744,0.02916507654598707,50.9531804577281,19,31.57894736842105,68657.96570502703,100
Hybrid Trend-Filtered Mean Reversion,5,7,572490.6058841292,174.48261403696563,6.317114287986608,15.84522068174575,0.02931286337043788,56.246687224225695,19,31.57894736842105,68657.96570502703,100
Hybrid Trend-Filtered Mean Reversion,5,8,559474.7914976875,172.1828285338117,6.2313093487802425,16.198628798980305,0.028578102995856156,57.7258731501754,19,31.57894736842105,68657.96570502703,100
Hybrid Trend-Filtered Mean Reversion,5,9,608993.5965913411,180.66375670381868,6.548076183979008,16.32539161462156,0.029584919177085153,55.181101605285775,19,36.84210526315789,68657.96570502703,100
Hybrid Trend-Filtered Mean Reversion,5,10,730744.3349743788,198.88934656288814,7.232010589047381,16.441136631177432,0.03189959973989886,51.83958848150178,19,36.84210526315789,68657.96570502703,100
Hybrid Trend-Filtered Mean Reversion,6,1,110886.38480173297,10.333593078387725,0.3634431238402955,7.262060589190374,0.005464093965124941,47.65618388064291,9,33.33333333333333,68657.96570502703,100
Hybrid Trend-Filtered Mean Reversion,6,2,135011.07849594235,30.0186652016266,1.0594462567564518,7.149325045674819,0.011554726845569312,37.61423888955767,9,33.33333333333333,68657.96570502703,100
Hybrid Trend-Filtered Mean Reversion,6,3,142164.08104917986,35.18117048828033,1.2427739740036248,7.463798809799839,0.012785498320098041,38.53769773071029,9,33.33333333333333,68657.96570502703,100
Hybrid Trend-Filtered Mean Reversion,6,4,346213.8854671757,124.1886564173782,4.456366177208354,11.997868896446757,0.026626632646369462,49.009406550128034,9,33.33333333333333,68657.96570502703,100
Hybrid Trend-Filtered Mean Reversion,6,5,313067.89154627593,114.12498869300238,4.087964739070016,12.121420371550178,0.024598007959342527,54.09700883991776,9,33.33333333333333,68657.96570502703,100
Hybrid Trend-Filtered Mean Reversion,6,6,268482.70248951396,98.76163031277306,3.52806137889169,12.300228063589792,0.021592699336516533,58.54210984113926,9,33.33333333333333,68657.96570502703,100
Hybrid Trend-Filtered Mean Reversion,6,7,265405.62852135446,97.60891433767502,3.4861733806468647,12.38038264953003,0.021299696727293156,59.734091146191666,9,33.33333333333333,68657.96570502703,100
Hybrid Trend-Filtered Mean Reversion,6,8,255122.8192305409,93.65748872584109,3.3427129845740913,12.436382832902614,0.020536124302712212,61.78421732588057,9,33.33333333333333,68657.96570502703,100
Hybrid Trend-Filtered Mean Reversion,6,9,275923.7818546759,101.49544888914308,3.627472114299559,12.46050700007539,0.021902723177056858,59.821984098209924,9,33.33333333333333,68657.96570502703,100
Hybrid Trend-Filtered Mean Reversion,6,10,305209.1707880448,111.58271614243847,3.9951053296082875,12.553340351721957,0.02357517468747742,56.313704131076555,9,33.33333333333333,68657.96570502703,100
Hybrid Trend-Filtered Mean Reversion,7,1,133275.33148510143,28.724696394406244,1.0135476854939514,5.987119853163795,0.012509640432588294,27.533949860997083,4,50.0,68657.96570502703,100
Hybrid Trend-Filtered Mean Reversion,7,2,153019.22992937252,42.53934133194363,1.5046477780662266,6.072345968951894,0.017413571046545687,20.13903201321879,4,50.0,68657.96570502703,100
Hybrid Trend-Filtered Mean Reversion,7,3,159616.011129114,46.76008143537235,1.655167508469976,6.4277357491715525,0.018113409435364464,21.670225584572723,4,50.0,68657.96570502703,100
Hybrid Trend-Filtered Mean Reversion,7,4,430309.4372685853,145.93343854509283,5.256837573275993,11.295522590242443,0.032076670858867964,30.931316941103848,4,50.0,68657.96570502703,100
Hybrid Trend-Filtered Mean Reversion,7,5,436661.7554714618,147.39886944638286,5.311003287075207,11.334959578463083,0.03227561090311876,30.931316941103848,4,50.0,68657.96570502703,100
Hybrid Trend-Filtered Mean Reversion,7,6,387100.176453339,135.3513327429401,4.8665245590484485,11.45145431253354,0.029696633976261363,33.259721348963495,4,50.0,68657.96570502703,100
Hybrid Trend-Filtered Mean Reversion,7,7,391138.67915295355,136.38919892543973,4.90474137023609,11.463601017158156,0.029873041878750624,32.88296694991893,4,50.0,68657.96570502703,100
Hybrid Trend-Filtered Mean Reversion,7,8,393584.4001429562,137.0125344621428,4.92770082718658,11.49689101777142,0.02992738509393575,33.98984075791002,4,50.0,68657.96570502703,100
Hybrid Trend-Filtered Mean Reversion,7,9,411431.2124805681,141.4471657289587,5.091187695163674,11.51902408405764,0.03073529373815436,31.830177246596822,4,50.0,68657.96570502703,100
Hybrid Trend-Filtered Mean Reversion,7,10,449267.1803029038,150.24475811322404,5.416273552054362,11.59749644371112,0.032253414876716034,30.931316941103848,4,50.0,68657.96570502703,100
Hybrid Trend-Filtered Mean Reversion,8,1,89053.52640509319,-11.593257675470356,-0.40618049956189733,2.219590345524959,-0.010825867438091876,15.58582741965365,1,0.0,68657.96570502703,100
Hybrid Trend-Filtered Mean Reversion,8,2,100796.3480800821,0.7931939628612602,0.027850753980507757,2.083663205310568,0.001509622530724895,9.405538322974742,1,100.0,68657.96570502703,100
Hybrid Trend-Filtered Mean Reversion,8,3,105387.16160075118,5.247063625567708,0.1843798620793598,2.934241418881232,0.004871045517012246,9.495398822682784,1,100.0,68657.96570502703,100
Hybrid Trend-Filtered Mean Reversion,8,4,103961.58729273245,3.8851291971182667,0.13648935037932763,3.0614233817457555,0.0037638768995751927,11.168885093801727,1,100.0,68657.96570502703,100
Hybrid Trend-Filtered Mean Reversion,8,5,102950.80881127328,2.90811038052422,0.10214795830319676,3.0664954596818323,0.0030561850273629243,11.168885093801727,1,100.0,68657.96570502703,100
Hybrid Trend-Filtered Mean Reversion,8,6,101545.36965027504,1.5335504251078071,0.053853267906684474,3.0804679031981754,0.002064297788172981,11.34321075768384,1,100.0,68657.96570502703,100
Hybrid Trend-Filtered Mean Reversion,8,7,102270.23494301227,2.2448486109016486,0.07884157492050159,3.0817681501682266,0.0025747243182682907,11.168885093801727,1,100.0,68657.96570502703,100
Hybrid Trend-Filtered Mean Reversion,8,8,105383.13063870117,5.24323864434511,0.18424532991880174,3.12775144681935,0.004685334928201966,11.168885093801727,1,100.0,68657.96570502703,100
Hybrid Trend-Filtered Mean Reversion,8,9,103838.76092958459,3.766913440019942,0.13233353922687774,3.1361564545166534,0.0036369555826886784,11.168885093801727,1,100.0,68657.96570502703,100
Hybrid Trend-Filtered Mean Reversion,8,10,103858.89607660506,3.7863023415355137,0.13301513377329846,3.136246447762726,0.0036505812416673168,11.168885093801727,1,100.0,68657.96570502703,100
Hybrid Trend-Filtered Mean Reversion,9,1,100000.0,0.0,0.0,0.0,,0.0,0,0.0,68657.96570502703,100
Hybrid Trend-Filtered Mean Reversion,9,2,100000.0,0.0,0.0,0.0,,0.0,0,0.0,68657.96570502703,100
Hybrid Trend-Filtered Mean Reversion,9,3,100000.0,0.0,0.0,0.0,,0.0,0,0.0,68657.96570502703,100
Hybrid Trend-Filtered Mean Reversion,9,4,100000.0,0.0,0.0,0.0,,0.0,0,0.0,68657.96570502703,100
Hybrid Trend-Filtered Mean Reversion,9,5,100000.0,0.0,0.0,0.0,,0.0,0,0.0,68657.96570502703,100
Hybrid Trend-Filtered Mean Reversion,9,6,100000.0,0.0,0.0,0.0,,0.0,0,0.0,68657.96570502703,100
Hybrid Trend-Filtered Mean Reversion,9,7,100000.0,0.0,0.0,0.0,,0.0,0,0.0,68657.96570502703,100
Hybrid Trend-Filtered Mean Reversion,9,8,100000.0,0.0,0.0,0.0,,0.0,0,0.0,68657.96570502703,100
Hybrid Trend-Filtered Mean Reversion,9,9,100000.0,0.0,0.0,0.0,,0.0,0,0.0,68657.96570502703,100
Hybrid Trend-Filtered Mean Reversion,9,10,100000.0,0.0,0.0,0.0,,0.0,0,0.0,68657.96570502703,100
Hybrid Trend-Filtered Mean Reversion,10,1,100000.0,0.0,0.0,0.0,,0.0,0,0.0,68657.96570502703,100
Hybrid Trend-Filtered Mean Reversion,10,2,100000.0,0.0,0.0,0.0,,0.0,0,0.0,68657.96570502703,100
Hybrid Trend-Filtered Mean Reversion,10,3,100000.0,0.0,0.0,0.0,,0.0,0,0.0,68657.96570502703,100
Hybrid Trend-Filtered Mean Reversion,10,4,100000.0,0.0,0.0,0.0,,0.0,0,0.0,68657.96570502703,100
Hybrid Trend-Filtered Mean Reversion,10,5,100000.0,0.0,0.0,0.0,,0.0,0,0.0,68657.96570502703,100
Hybrid Trend-Filtered Mean Reversion,10,6,100000.0,0.0,0.0,0.0,,0.0,0,0.0,68657.96570502703,100
Hybrid Trend-Filtered Mean Reversion,10,7,100000.0,0.0,0.0,0.0,,0.0,0,0.0,68657.96570502703,100
Hybrid Trend-Filtered Mean Reversion,10,8,100000.0,0.0,0.0,0.0,,0.0,0,0.0,68657.96570502703,100
Hybrid Trend-Filtered Mean Reversion,10,9,100000.0,0.0,0.0,0.0,,0.0,0,0.0,68657.96570502703,100
Hybrid Trend-Filtered Mean Reversion,10,10,100000.0,0.0,0.0,0.0,,0.0,0,0.0,68657.96570502703,100
Hybrid Trend-Filtered Mean Reversion,1,1,11526517.968729086,474.7235384156264,18.135547273450197,23.3703734928633,0.05227999659720451,45.59326720593405,81,32.098765432098766,68657.96570502703,150
Hybrid Trend-Filtered Mean Reversion,1,2,10637312.696752435,466.695297891266,17.803051465033747,23.739841471037153,0.050950555394548104,48.75368547693476,62,35.483870967741936,68657.96570502703,150
Hybrid Trend-Filtered Mean Reversion,1,3,10702682.123142993,467.30794687648034,17.82839178248741,23.977959163718868,0.050652552302836454,52.64906827316452,55,32.72727272727273,68657.96570502703,150
Hybrid Trend-Filtered Mean Reversion,1,4,8716253.820480663,446.77746308640457,16.982174229152687,24.29703815460814,0.048323504437832156,60.119523224076225,49,32.6530612244898,68657.96570502703,150
Hybrid Trend-Filtered Mean Reversion,1,5,10238511.618447583,462.8741352280129,17.645123921301593,24.47709982934094,0.049532603736564096,54.65875023792637,44,34.090909090909086,68657.96570502703,150
Hybrid Trend-Filtered Mean Reversion,1,6,8296210.416008659,441.8383927149364,16.77950607286244,24.676848013949357,0.04737279107214252,56.73339205277927,41,34.146341463414636,68657.96570502703,150
Hybrid Trend-Filtered Mean Reversion,1,7,7621772.090777557,433.3593993500041,16.432400341297406,24.89912735827577,0.0463369650850952,55.22025232593271,37,37.83783783783784,68657.96570502703,150
Hybrid Trend-Filtered Mean Reversion,1,8,8499961.361431511,444.2646710766045,16.87902125107084,24.949726641138646,0.047241067519579114,57.69773920908534,36,36.11111111111111,68657.96570502703,150
Hybrid Trend-Filtered Mean Reversion,1,9,8817721.083489226,447.9348549069962,17.029717101955548,25.17010303647817,0.047287646925469044,56.682630186081994,36,41.66666666666667,68657.96570502703,150
Hybrid Trend-Filtered Mean Reversion,1,10,8599855.081291415,445.4330445098901,16.926972994254204,25.37756566320688,0.04681390450999895,57.26020337257302,35,40.0,68657.96570502703,150
Hybrid Trend-Filtered Mean Reversion,2,1,4958600.211673997,390.3708578512318,14.688383954470286,22.38127342404812,0.045619029759157166,59.965684250960166,56,35.714285714285715,68657.96570502703,150
Hybrid Trend-Filtered Mean Reversion,2,2,5689329.49318446,404.1177494678025,15.243226093247436,22.847972365907722,0.04631119978666195,60.974828458236324,47,36.17021276595745,68657.96570502703,150
Hybrid Trend-Filtered Mean Reversion,2,3,5855238.523561079,406.99218276530644,15.35958077926082,23.11257707323491,0.04622416958802954,63.3001553929592,43,34.883720930232556,68657.96570502703,150
Hybrid Trend-Filtered Mean Reversion,2,4,5181723.768400349,394.7722867730971,14.865739918279816,23.422143043014216,0.0446590442723008,69.03664423771782,39,33.33333333333333,68657.96570502703,150
Hybrid Trend-Filtered Mean Reversion,2,5,6322939.650668922,414.6769327610759,15.671230307543766,23.679188915530776,0.04619356541928948,64.9053367017302,35,40.0,68657.96570502703,150
Hybrid Trend-Filtered Mean Reversion,2,6,4908603.944575936,389.35746653643815,14.647588061394693,23.860089723475475,0.04361083560018486,67.14775729272651,32,37.5,68657.96570502703,150
Hybrid Trend-Filtered Mean Reversion,2,7,4460094.284718422,379.7754998873965,14.262565310298289,24.163981012067786,0.04237751533904592,65.18584119268593,30,40.0,68657.96570502703,150
Hybrid Trend-Filtered Mean Reversion,2,8,5075486.941743773,392.7007562431148,14.782233274927933,24.242233665580624,0.04346886433353081,66.77620506190965,29,44.827586206896555,68657.96570502703,150
Hybrid Trend-Filtered Mean Reversion,2,9,5400408.205784637,398.90596373710395,15.032556532643262,24.46029480727809,0.04377870545173424,65.72927294234664,29,44.827586206896555,68657.96570502703,150
Hybrid Trend-Filtered Mean Reversion,2,10,5263917.93660541,396.3460697344899,14.929222184556204,24.594276243596106,0.04339334218894897,62.60089119320609,29,44.827586206896555,68657.96570502703,150
Hybrid Trend-Filtered Mean Reversion,3,1,4653195.786822217,384.0139342517468,14.432714417247066,21.30968818839439,0.04655318646340951,49.022514548494264,42,40.476190476190474,68657.96570502703,150
Hybrid Trend-Filtered Mean Reversion,3,2,5034058.95681458,391.88117013617864,14.749211237455222,21.855203974367786,0.04652804896934564,53.88217731876957,36,38.88888888888889,68657.96570502703,150
Hybrid Trend-Filtered Mean Reversion,3,3,5593795.455285208,402.42431220865643,15.17473209581896,22.130901001865457,0.047177536902110295,56.38211731029092,33,39.39393939393939,68657.96570502703,150
Hybrid Trend-Filtered Mean Reversion,3,4,5609550.570562202,402.70556971202456,15.18610522197467,22.375993215845995,0.04684557982660652,58.56920651274014,31,41.935483870967744,68657.96570502703,150
Hybrid Trend-Filtered Mean Reversion,3,5,5629806.683550926,403.06601977090395,15.20068227589914,22.4873986474432,0.04671899749949977,56.98477607229346,29,44.827586206896555,68657.96570502703,150
Hybrid Trend-Filtered Mean Reversion,3,6,4446161.572917437,379.46262490627333,14.250015185578471,23.03334060591559,0.043691642344084354,59.51036722266344,28,46.42857142857143,68657.96570502703,150
Hybrid Trend-Filtered Mean Reversion,3,7,3973514.1745382543,368.22359786534923,13.800105285442799,23.343145524654048,0.04224265917171854,56.88026654029804,27,44.44444444444444,68657.96570502703,150
Hybrid Trend-Filtered Mean Reversion,3,8,5135256.353656682,393.87148579437877,14.829419755995696,23.452331959104814,0.04453381536575691,59.669933315944164,26,46.15384615384615,68657.96570502703,150
Hybrid Trend-Filtered Mean Reversion,3,9,5450530.471153631,399.8298031089166,15.06987164518917,23.663728042998837,0.04482498594389566,58.69756662334887,26,50.0,68657.96570502703,150
Hybrid Trend-Filtered Mean Reversion,3,10,5363063.870459647,398.2120522388703,15.004536473759789,23.796205283327108,0.044507525095762335,55.38505509590137,26,46.15384615384615,68657.96570502703,150
Hybrid Trend-Filtered Mean Reversion,4,1,3183471.647846225,346.05574074598707,12.917889944851154,19.578412320018558,0.045233022591516,45.704495497100744,31,45.16129032258064,68657.96570502703,150
Hybrid Trend-Filtered Mean Reversion,4,2,3875046.8103702003,365.7142835821928,13.6998970240817,20.175983298456,0.046420616279546696,50.65209611219366,27,44.44444444444444,68657.96570502703,150
Hybrid Trend-Filtered Mean Reversion,4,3,4588223.500529316,382.60780052266614,14.37623805424825,20.41083774121321,0.047866878203135524,43.794861512775974,25,48.0,68657.96570502703,150
Hybrid Trend-Filtered Mean Reversion,4,4,5818346.451738951,406.36011995476434,15.333985326879576,20.703490443845194,0.04991492552231078,42.38583302517609,24,54.166666666666664,68657.96570502703,150
Hybrid Trend-Filtered Mean Reversion,4,5,5472274.053618534,400.2279354958312,15.085956478878337,20.80688046985704,0.04907983723126452,42.654627597405934,23,56.52173913043478,68657.96570502703,150
Hybrid Trend-Filtered Mean Reversion,4,6,4670638.231799604,384.38808216751033,14.447746499384523,20.962908590711567,0.047142404200897194,44.52348724772807,23,56.52173913043478,68657.96570502703,150
Hybrid Trend-Filtered Mean Reversion,4,7,3751628.3584394,362.4775067643445,13.57076820404812,21.43754107200789,0.04413571258652103,56.18480533411224,23,52.17391304347826,68657.96570502703,150
Hybrid Trend-Filtered Mean Reversion,4,8,5147216.65804482,394.1041206822802,14.83879846017703,21.536750159745193,0.047243177523235785,52.52729073103356,22,50.0,68657.96570502703,150
Hybrid Trend-Filtered Mean Reversion,4,9,5549227.588451645,401.62438378149375,15.142391765793912,21.721588205924284,0.04772224791483734,51.004032453978255,22,50.0,68657.96570502703,150
Hybrid Trend-Filtered Mean Reversion,4,10,5120823.934359995,393.5900443778161,14.818074434431436,21.83422068418215,0.04673252131780806,51.96366135981799,22,50.0,68657.96570502703,150
Hybrid Trend-Filtered Mean Reversion,5,1,357529.64764417405,127.40481031806435,4.574374877660947,14.063881883313359,0.02443321251994949,40.9029455325127,20,35.0,68657.96570502703,150
Hybrid Trend-Filtered Mean Reversion,5,2,430216.5000452795,145.91183844691162,5.25603939209716,14.843750020563107,0.02638433506650544,46.811238247881,19,36.84210526315789,68657.96570502703,150
Hybrid Trend-Filtered Mean Reversion,5,3,418160.26660542155,143.06945859843398,5.151058669638399,15.102236305507583,0.025680632997688337,41.217914860823576,18,38.88888888888889,68657.96570502703,150
Hybrid Trend-Filtered Mean Reversion,5,4,374651.17142706126,132.08251975411122,4.746249697842391,15.219993254190104,0.023961223313879836,46.9578872620964,18,38.88888888888889,68657.96570502703,150
Hybrid Trend-Filtered Mean Reversion,5,5,341468.97076768294,122.80866273065452,4.405771608159018,15.338608639518933,0.022513201127319887,45.2967806452962,18,38.88888888888889,68657.96570502703,150
Hybrid Trend-Filtered Mean Reversion,5,6,327715.57567120733,118.6975898862424,4.255192958392449,15.484830474243392,0.02180715558941493,48.75447035078005,18,33.33333333333333,68657.96570502703,150
Hybrid Trend-Filtered Mean Reversion,5,7,282185.68350623024,103.73951204152705,3.709145047246739,16.05280784213072,0.019327692713303653,55.85073475367771,18,33.33333333333333,68657.96570502703,150
Hybrid Trend-Filtered Mean Reversion,5,8,306381.06790490734,111.96594611472331,4.009097937662841,16.082531530827385,0.02044184091189364,54.509748509890734,18,33.33333333333333,68657.96570502703,150
Hybrid Trend-Filtered Mean Reversion,5,9,307085.3622682634,112.19555759406231,4.017482483005055,16.289760944007472,0.020341821520476224,54.220394926500134,18,33.33333333333333,68657.96570502703,150
Hybrid Trend-Filtered Mean Reversion,5,10,284711.26226148877,104.63053658608334,3.7415918371634547,16.409137303299413,0.019248609483689748,55.42688130515913,18,33.33333333333333,68657.96570502703,150
Hybrid Trend-Filtered Mean Reversion,6,1,329538.6861583385,119.2523569737387,4.275500051692794,12.082817460253663,0.025588346926001062,43.39175571440019,9,33.33333333333333,68657.96570502703,150
Hybrid Trend-Filtered Mean Reversion,6,2,282738.6197945127,103.93526799028851,3.7162726589595656,12.224774051173243,0.02260922433077166,47.29548818842068,9,33.33333333333333,68657.96570502703,150
Hybrid Trend-Filtered Mean Reversion,6,3,258664.96583965607,95.03634701432456,3.392751187059431,12.333445985519544,0.020885424076631527,53.24957864341024,9,33.33333333333333,68657.96570502703,150
Hybrid Trend-Filtered Mean Reversion,6,4,237193.9271793817,86.37078786972069,3.0786834521438244,12.444873551604683,0.019230554559453508,57.733487186483316,9,33.33333333333333,68657.96570502703,150
Hybrid Trend-Filtered Mean Reversion,6,5,222453.85775798224,79.95495132488179,2.846767712326127,12.530048231079583,0.018020871220887805,59.46878588582482,9,33.33333333333333,68657.96570502703,150
Hybrid Trend-Filtered Mean Reversion,6,6,228249.28471087714,82.52681996852618,2.939671323903035,12.670034951233259,0.01836043959531464,60.58971182534085,9,33.33333333333333,68657.96570502703,150
Hybrid Trend-Filtered Mean Reversion,6,7,212084.5366607469,75.18147670348567,2.6745576597299876,12.881941866501275,0.01693113224301372,63.197703583154926,9,33.33333333333333,68657.96570502703,150
Hybrid Trend-Filtered Mean Reversion,6,8,222221.53982494565,79.8504625425312,2.84299503695833,12.908579977348268,0.01771287446285466,60.786290986073055,9,33.33333333333333,68657.96570502703,150
Hybrid Trend-Filtered Mean Reversion,6,9,230867.28101449634,83.66728183589541,2.9808950817324877,13.089918068807041,0.018224905197431536,59.3897278067109,9,33.33333333333333,68657.96570502703,150
Hybrid Trend-Filtered Mean Reversion,6,10,223009.21655894883,80.20429144787293,2.855770954076611,13.20572555985014,0.017557571178199307,59.869238597260555,9,33.33333333333333,68657.96570502703,150
Hybrid Trend-Filtered Mean Reversion,7,1,393840.7299180741,137.07764027967048,4.930099174104613,11.436812326078465,0.030056058656199116,30.931316941103848,4,50.0,68657.96570502703,150
Hybrid Trend-Filtered Mean Reversion,7,2,371024.4372777071,131.1097743123163,4.710484501040224,11.509704479792426,0.028764527405866352,30.931316941103848,4,50.0,68657.96570502703,150
Hybrid Trend-Filtered Mean Reversion,7,3,338524.18779737776,121.94253596382099,4.3740294078904896,11.612947675102628,0.02683076191447792,32.205126924950925,4,50.0,68657.96570502703,150
Hybrid Trend-Filtered Mean Reversion,7,4,338909.16825910355,122.05619452513272,4.378194267396914,11.649623463845838,0.026791322519666205,33.0530677731047,4,50.0,68657.96570502703,150
Hybrid Trend-Filtered Mean Reversion,7,5,327713.0604052283,118.69682236836458,4.255164866355888,11.68498939531055,0.02609659500497954,35.27041521101167,4,50.0,68657.96570502703,150
Hybrid Trend-Filtered Mean Reversion,7,6,347083.95546941255,124.43965112921407,4.46557100581601,11.713737817079126,0.027134898258695604,34.076541845718,4,50.0,68657.96570502703,150
Hybrid Trend-Filtered Mean Reversion,7,7,358586.3993391709,127.69994473559683,4.585210771009711,11.752818279271594,0.0276822347102148,32.05860343202872,4,50.0,68657.96570502703,150
Hybrid Trend-Filtered Mean Reversion,7,8,355068.73056070536,126.71411919611211,4.549020463266002,11.767510656047685,0.027471586788601423,30.931316941103848,4,50.0,68657.96570502703,150
Hybrid Trend-Filtered Mean Reversion,7,9,348276.6398694689,124.78269201408658,4.478152792130456,11.943629809913825,0.026818013949597666,31.358965473255367,4,50.0,68657.96570502703,150
Hybrid Trend-Filtered Mean Reversion,7,10,375273.64099449234,132.24852831925676,4.752354600181339,11.992556773146388,0.028115886791692385,30.931316941103848,4,50.0,68657.96570502703,150
Hybrid Trend-Filtered Mean Reversion,8,1,97961.31348062989,-2.05975456576547,-0.0722862251589668,3.3354254250603095,-0.0003214539261195931,14.575686069822892,1,0.0,68657.96570502703,150
Hybrid Trend-Filtered Mean Reversion,8,2,95726.31216135678,-4.3676981104612445,-0.15322046394814137,3.363199452123025,-0.001818849493232899,16.54127738688416,1,0.0,68657.96570502703,150
Hybrid Trend-Filtered Mean Reversion,8,3,94775.93912095905,-5.365461568243533,-0.1881894211015546,3.364999238787881,-0.0024725342270421912,17.253435692557986,1,0.0,68657.96570502703,150
Hybrid Trend-Filtered Mean Reversion,8,4,95001.44686861956,-5.127806430753337,-0.17986135151739902,3.3641762434146774,-0.002317418812001705,17.05655037001002,1,0.0,68657.96570502703,150
Hybrid Trend-Filtered Mean Reversion,8,5,94032.9443306116,-6.152499351666265,-0.21576436290719367,3.382266735337717,-0.0029635965134634443,18.39601898051615,1,0.0,68657.96570502703,150
Hybrid Trend-Filtered Mean Reversion,8,6,96326.34544153589,-3.7428327844003033,-0.13131435658563625,3.443304287640699,-0.00132605412358798,18.39601898051615,1,0.0,68657.96570502703,150
Hybrid Trend-Filtered Mean Reversion,8,7,96271.97661193469,-3.79929104474828,-0.13329382970721698,3.44397785714423,-0.0013616257228567616,18.39601898051615,1,0.0,68657.96570502703,150
Hybrid Trend-Filtered Mean Reversion,8,8,95218.91235540957,-4.899160472541805,-0.1718483317317313,3.447936328551086,-0.0020630728468891964,18.39601898051615,1,0.0,68657.96570502703,150
Hybrid Trend-Filtered Mean Reversion,8,9,94212.15500438566,-5.962097871311381,-0.20909408608944655,3.96454676822817,-0.002085931906419504,18.39601898051615,1,0.0,68657.96570502703,150
Hybrid Trend-Filtered Mean Reversion,8,10,99326.48234758717,-0.675796018447542,-0.02372254054555442,4.034625320674482,0.0008910591147515311,18.39601898051615,1,0.0,68657.96570502703,150
Hybrid Trend-Filtered Mean Reversion,9,1,100000.0,0.0,0.0,0.0,,0.0,0,0.0,68657.96570502703,150
Hybrid Trend-Filtered Mean Reversion,9,2,100000.0,0.0,0.0,0.0,,0.0,0,0.0,68657.96570502703,150
Hybrid Trend-Filtered Mean Reversion,9,3,100000.0,0.0,0.0,0.0,,0.0,0,0.0,68657.96570502703,150
Hybrid Trend-Filtered Mean Reversion,9,4,100000.0,0.0,0.0,0.0,,0.0,0,0.0,68657.96570502703,150
Hybrid Trend-Filtered Mean Reversion,9,5,100000.0,0.0,0.0,0.0,,0.0,0,0.0,68657.96570502703,150
Hybrid Trend-Filtered Mean Reversion,9,6,100000.0,0.0,0.0,0.0,,0.0,0,0.0,68657.96570502703,150
Hybrid Trend-Filtered Mean Reversion,9,7,100000.0,0.0,0.0,0.0,,0.0,0,0.0,68657.96570502703,150
Hybrid Trend-Filtered Mean Reversion,9,8,100000.0,0.0,0.0,0.0,,0.0,0,0.0,68657.96570502703,150
Hybrid Trend-Filtered Mean Reversion,9,9,100000.0,0.0,0.0,0.0,,0.0,0,0.0,68657.96570502703,150
Hybrid Trend-Filtered Mean Reversion,9,10,100000.0,0.0,0.0,0.0,,0.0,0,0.0,68657.96570502703,150
Hybrid Trend-Filtered Mean Reversion,10,1,100000.0,0.0,0.0,0.0,,0.0,0,0.0,68657.96570502703,150
Hybrid Trend-Filtered Mean Reversion,10,2,100000.0,0.0,0.0,0.0,,0.0,0,0.0,68657.96570502703,150
Hybrid Trend-Filtered Mean Reversion,10,3,100000.0,0.0,0.0,0.0,,0.0,0,0.0,68657.96570502703,150
Hybrid Trend-Filtered Mean Reversion,10,4,100000.0,0.0,0.0,0.0,,0.0,0,0.0,68657.96570502703,150
Hybrid Trend-Filtered Mean Reversion,10,5,100000.0,0.0,0.0,0.0,,0.0,0,0.0,68657.96570502703,150
Hybrid Trend-Filtered Mean Reversion,10,6,100000.0,0.0,0.0,0.0,,0.0,0,0.0,68657.96570502703,150
Hybrid Trend-Filtered Mean Reversion,10,7,100000.0,0.0,0.0,0.0,,0.0,0,0.0,68657.96570502703,150
Hybrid Trend-Filtered Mean Reversion,10,8,100000.0,0.0,0.0,0.0,,0.0,0,0.0,68657.96570502703,150
Hybrid Trend-Filtered Mean Reversion,10,9,100000.0,0.0,0.0,0.0,,0.0,0,0.0,68657.96570502703,150
Hybrid Trend-Filtered Mean Reversion,10,10,100000.0,0.0,0.0,0.0,,0.0,0,0.0,68657.96570502703,150
Hybrid Trend-Filtered Mean Reversion,1,1,4177963.9276882852,373.24091222204646,14.000734240604723,23.492637073809146,0.042543309646371076,70.23699974107016,74,22.972972972972975,68657.96570502703,200
Hybrid Trend-Filtered Mean Reversion,1,2,5102334.999340997,393.22833709542346,14.8034951226207,23.82228514711822,0.04401362668405114,65.25390944255133,58,24.137931034482758,68657.96570502703,200
Hybrid Trend-Filtered Mean Reversion,1,3,4157145.976704915,372.74138685260147,13.980743715394983,24.128363841185323,0.04177045010963974,65.61889674456039,50,26.0,68657.96570502703,200
Hybrid Trend-Filtered Mean Reversion,1,4,3895861.744914387,366.2499991726398,13.721283158108246,24.361615408082628,0.04092998190900058,69.76633525259847,45,31.11111111111111,68657.96570502703,200
Hybrid Trend-Filtered Mean Reversion,1,5,5330742.999178244,397.60757209271856,14.980133204125568,24.607759022024577,0.04349447236065298,63.83274807204986,38,28.947368421052634,68657.96570502703,200
Hybrid Trend-Filtered Mean Reversion,1,6,5175728.992354217,394.65652903122725,14.861071940040768,24.786710887899694,0.043031263566316695,64.36980889504851,35,34.285714285714285,68657.96570502703,200
Hybrid Trend-Filtered Mean Reversion,1,7,5355158.104944998,398.0645321190871,14.998580509692639,24.979961715669777,0.043121413613346295,64.14885811143296,30,33.33333333333333,68657.96570502703,200
Hybrid Trend-Filtered Mean Reversion,1,8,5802503.290519469,406.0874519246849,15.322945358742016,25.035662949790932,0.04376937192609455,64.46041708806264,30,33.33333333333333,68657.96570502703,200
Hybrid Trend-Filtered Mean Reversion,1,9,5827588.429130786,406.5188359260707,15.34041201340578,25.1142537651979,0.0437199392190521,62.982227838512934,30,33.33333333333333,68657.96570502703,200
Hybrid Trend-Filtered Mean Reversion,1,10,5613016.562693401,402.76733797235653,15.188603077177234,25.20311033289331,0.04329190070380492,62.60049568016789,29,34.48275862068966,68657.96570502703,200
Hybrid Trend-Filtered Mean Reversion,2,1,3598424.5338431653,358.3081213180369,13.40464974869931,22.67945116262792,0.0420861736944091,72.05591248500585,48,37.5,68657.96570502703,200
Hybrid Trend-Filtered Mean Reversion,2,2,3897892.2559033036,366.3021052831135,13.723363484440679,22.99626616083408,0.042470541426261305,69.65915991363016,44,31.818181818181817,68657.96570502703,200
Hybrid Trend-Filtered Mean Reversion,2,3,3214017.5526630413,347.0106821608406,12.955752452230918,23.298743486882444,0.04027785168644869,69.58926874877112,39,28.205128205128204,68657.96570502703,200
Hybrid Trend-Filtered Mean Reversion,2,4,2784605.1985866316,332.66911963914174,12.388457332382076,23.528114224718248,0.03868290293530278,73.73187600715649,37,35.13513513513514,68657.96570502703,200
Hybrid Trend-Filtered Mean Reversion,2,5,3841619.035796775,364.84789946407085,13.665318886814292,23.890669180361233,0.04130357984197863,69.12673461413654,31,35.483870967741936,68657.96570502703,200
Hybrid Trend-Filtered Mean Reversion,2,6,3932094.8935481603,367.1757428647001,13.758248963695035,24.073404813623352,0.041320761707968424,69.07600164616628,29,37.93103448275862,68657.96570502703,200
Hybrid Trend-Filtered Mean Reversion,2,7,4472390.71133235,380.05081933963606,14.273610137936398,24.37756301287298,0.04216527533410348,67.85741836357505,25,40.0,68657.96570502703,200
Hybrid Trend-Filtered Mean Reversion,2,8,4878510.907513315,388.7425124390829,14.622839051518696,24.42902647467535,0.0428958378176624,68.1388281383708,25,36.0,68657.96570502703,200
Hybrid Trend-Filtered Mean Reversion,2,9,5002666.093868076,391.2556082091146,14.724013043405998,24.497393066324957,0.043046220320595546,66.80302270320493,25,36.0,68657.96570502703,200
Hybrid Trend-Filtered Mean Reversion,2,10,4699725.0266295625,385.0089095026142,14.472693738662802,24.584152985235065,0.04238619653377951,66.45286262954603,25,44.0,68657.96570502703,200
Hybrid Trend-Filtered Mean Reversion,3,1,3989304.5826615547,368.620201864578,13.815951556303856,21.706510370696133,0.04438767322652954,61.1026090317544,35,34.285714285714285,68657.96570502703,200
Hybrid Trend-Filtered Mean Reversion,3,2,4392929.883440932,378.25814968862454,14.201713820739329,22.029250060798166,0.044904218181750596,59.516579317800186,33,36.36363636363637,68657.96570502703,200
Hybrid Trend-Filtered Mean Reversion,3,3,3489799.0700198677,355.2429254490779,13.282679888137515,22.383348354834393,0.042143440618856706,63.35272903802153,30,36.666666666666664,68657.96570502703,200
Hybrid Trend-Filtered Mean Reversion,3,4,2864567.3851529295,335.5002431812487,12.500219152270153,22.645182199120843,0.03989379000106972,68.98018351523073,29,37.93103448275862,68657.96570502703,200
Hybrid Trend-Filtered Mean Reversion,3,5,3718567.877403082,361.5923707962867,13.535481900726817,22.960160618891898,0.042058770294227256,64.21165111504921,27,37.03703703703704,68657.96570502703,200
Hybrid Trend-Filtered Mean Reversion,3,6,3935079.9411755577,367.2516290076513,13.761279700688487,23.148193292579354,0.04237816021999278,64.37994054028744,25,40.0,68657.96570502703,200
Hybrid Trend-Filtered Mean Reversion,3,7,3998942.883543055,368.8615140071821,13.825594237148334,23.497244880918295,0.042119366421100264,63.61059902875322,22,40.909090909090914,68657.96570502703,200
Hybrid Trend-Filtered Mean Reversion,3,8,4474557.296567017,380.09925116857045,14.275553159392839,23.548601552475493,0.04311550004626447,63.718624821917224,22,40.909090909090914,68657.96570502703,200
Hybrid Trend-Filtered Mean Reversion,3,9,4567157.856336531,382.1476191157599,14.357761249002232,23.61692377483196,0.04322575384361945,62.77869842623658,22,40.909090909090914,68657.96570502703,200
Hybrid Trend-Filtered Mean Reversion,3,10,4444806.7450401895,379.43214840834236,14.248792777840302,23.701211746123178,0.04287110592845989,61.6045491120417,22,40.909090909090914,68657.96570502703,200
Hybrid Trend-Filtered Mean Reversion,4,1,3305854.7710819016,349.8280162535629,13.06753103170952,20.133289322041485,0.0447514375306622,47.53245162967867,25,44.0,68657.96570502703,200
Hybrid Trend-Filtered Mean Reversion,4,2,3453429.708033764,354.19529484996445,13.241022799644458,20.347896942371126,0.044889180333645654,48.11444305747506,24,45.83333333333333,68657.96570502703,200
Hybrid Trend-Filtered Mean Reversion,4,3,2893098.3308831872,336.49131076545245,12.539368928351328,20.684610653482405,0.042476439630469376,50.366886390503836,24,41.66666666666667,68657.96570502703,200
Hybrid Trend-Filtered Mean Reversion,4,4,2758170.06581467,331.715253319602,12.350827386327078,20.892860035241437,0.041678939789440865,51.81383369390894,24,37.5,68657.96570502703,200
Hybrid Trend-Filtered Mean Reversion,4,5,3142675.381930643,344.76595626025863,12.86677137827607,21.237724794170227,0.04257821160348532,49.18904439708529,22,36.36363636363637,68657.96570502703,200
Hybrid Trend-Filtered Mean Reversion,4,6,4359498.447156591,377.4942108682121,14.171089247123048,21.49224322783623,0.04560497308833268,49.861445955344095,20,45.0,68657.96570502703,200
Hybrid Trend-Filtered Mean Reversion,4,7,3974878.1680688546,368.2579191088208,13.801476499892729,21.845632445220037,0.04415333914283741,49.59462056279512,19,42.10526315789473,68657.96570502703,200
Hybrid Trend-Filtered Mean Reversion,4,8,4538693.861024352,381.52243678453095,14.332664251497295,21.885536709739448,0.04543855067877972,48.681850724654666,19,42.10526315789473,68657.96570502703,200
Hybrid Trend-Filtered Mean Reversion,4,9,4426712.663550332,379.0242339182513,14.232432648134088,21.938960205160182,0.04510986090857468,49.67153077510545,19,42.10526315789473,68657.96570502703,200
Hybrid Trend-Filtered Mean Reversion,4,10,3978143.326741823,368.3400302626395,13.8047571007808,21.990733788175532,0.043961474404177525,51.6063075654755,19,42.10526315789473,68657.96570502703,200
Hybrid Trend-Filtered Mean Reversion,5,1,354701.81140588265,126.61072826458894,4.545225639417202,15.43035298617107,0.02297997691521515,41.80895879349403,20,40.0,68657.96570502703,200
Hybrid Trend-Filtered Mean Reversion,5,2,353267.57731744886,126.205559319905,4.530355790572696,15.684145130811944,0.02271004115345394,38.815504971396045,19,42.10526315789473,68657.96570502703,200
Hybrid Trend-Filtered Mean Reversion,5,3,309539.4027349075,112.99152089699062,4.046553294294533,16.074512928190494,0.020583674371161285,42.68617213798276,19,36.84210526315789,68657.96570502703,200
Hybrid Trend-Filtered Mean Reversion,5,4,276201.28575971344,101.59597101526352,3.631129252058344,16.2101836705142,0.01894337488621676,47.02627976711056,19,31.57894736842105,68657.96570502703,200
Hybrid Trend-Filtered Mean Reversion,5,5,527885.6924149191,166.3709582642062,6.014777121458185,17.180153794621052,0.026808769252059283,47.78809692936935,18,33.33333333333333,68657.96570502703,200
Hybrid Trend-Filtered Mean Reversion,5,6,504257.5655611912,161.79169943255286,5.844479088161543,17.387113649646228,0.026038791703063766,48.143399390261166,17,35.294117647058826,68657.96570502703,200
Hybrid Trend-Filtered Mean Reversion,5,7,387311.49738742993,135.4059086091039,4.868533831174393,17.75716424706299,0.02244103108772605,57.71484815875467,17,35.294117647058826,68657.96570502703,200
Hybrid Trend-Filtered Mean Reversion,5,8,425257.2350476858,144.75240587767436,5.213204150463693,17.78366342850524,0.023586564838004635,53.979967466251985,17,35.294117647058826,68657.96570502703,200
Hybrid Trend-Filtered Mean Reversion,5,9,437960.93852861144,147.69595389699273,5.321987612899899,17.828350413433526,0.023920877261341032,51.969225753132044,17,35.294117647058826,68657.96570502703,200
Hybrid Trend-Filtered Mean Reversion,5,10,405844.4999496042,140.07998951982376,5.040758311808405,17.88542490132189,0.022938908269738746,53.78529584528523,17,35.294117647058826,68657.96570502703,200
Hybrid Trend-Filtered Mean Reversion,6,1,233751.32728568558,84.90876603921159,3.0257892153013546,12.683396939994168,0.018760709519175616,52.76874458299541,10,30.0,68657.96570502703,200
Hybrid Trend-Filtered Mean Reversion,6,2,237791.52489541852,86.62241580010969,3.0877897945944546,12.962284968114727,0.018823749345032913,51.02289728098092,9,44.44444444444444,68657.96570502703,200
Hybrid Trend-Filtered Mean Reversion,6,3,214622.73147327124,76.3711563451015,2.7174500900921013,13.063371152730358,0.01700645591576417,52.62857373231511,9,44.44444444444444,68657.96570502703,200
Hybrid Trend-Filtered Mean Reversion,6,4,209923.1103299902,74.15711363975296,2.6376398652108044,13.152560393998034,0.016576564744624222,54.432371797279615,9,44.44444444444444,68657.96570502703,200
Hybrid Trend-Filtered Mean Reversion,6,5,408219.76353806356,140.6635479526409,5.0622803685703905,14.252529883756146,0.02628461230219247,54.71272493616645,8,50.0,68657.96570502703,200
Hybrid Trend-Filtered Mean Reversion,6,6,354441.50140142237,126.53731291639323,4.542531112308632,14.381035426649683,0.023959986313623435,59.75047407383699,8,50.0,68657.96570502703,200
Hybrid Trend-Filtered Mean Reversion,6,7,317466.1073841404,115.52008782502314,4.138957559196886,14.605746932841726,0.022065361126156643,66.05513190660542,8,37.5,68657.96570502703,200
Hybrid Trend-Filtered Mean Reversion,6,8,332504.1384581752,120.1482120521113,4.308300926358229,14.619749159743764,0.022753260017539873,64.17713843821987,8,50.0,68657.96570502703,200
Hybrid Trend-Filtered Mean Reversion,6,9,352459.72237190796,125.97661669610147,4.521954447533641,14.644833170817204,0.023610275921025433,62.03023592653341,8,50.0,68657.96570502703,200
Hybrid Trend-Filtered Mean Reversion,6,10,332041.65164060827,120.00902318081774,4.303203982380009,14.678174875405128,0.02267863686876495,63.06817246258583,8,50.0,68657.96570502703,200
Hybrid Trend-Filtered Mean Reversion,7,1,302173.39351999015,110.58308173537552,3.958615235996428,11.949444044670662,0.024181749717690226,34.38219104697083,5,40.0,68657.96570502703,200
Hybrid Trend-Filtered Mean Reversion,7,2,293421.42453642463,107.64396986513822,3.8514016932292243,12.050456741860515,0.02350303866522804,36.90462975768931,5,40.0,68657.96570502703,200
Hybrid Trend-Filtered Mean Reversion,7,3,269251.47894493426,99.04756228650176,3.538454349249978,12.113754709287615,0.021851237586376474,39.178303160431916,5,40.0,68657.96570502703,200
Hybrid Trend-Filtered Mean Reversion,7,4,282797.9671680602,103.95625597767378,3.717036875410045,12.12957655220392,0.022727772248216416,37.164205082576714,5,40.0,68657.96570502703,200
Hybrid Trend-Filtered Mean Reversion,7,5,611682.5952002553,181.10433266927308,6.56455769740014,13.600491040785222,0.033692938093383876,34.51428282190795,4,75.0,68657.96570502703,200
Hybrid Trend-Filtered Mean Reversion,7,6,544825.886527565,169.52960833710307,6.132403798270563,13.67372878137026,0.0316863441249731,38.72001864797621,4,75.0,68657.96570502703,200
Hybrid Trend-Filtered Mean Reversion,7,7,547699.4069114001,170.05564229297184,6.152005734370022,13.746698826260975,0.03164884710647306,41.99824700883624,4,75.0,68657.96570502703,200
Hybrid Trend-Filtered Mean Reversion,7,8,555263.8466469904,171.42732141558133,6.203136511474529,13.755008948913192,0.03185558599254768,40.74559916812359,4,75.0,68657.96570502703,200
Hybrid Trend-Filtered Mean Reversion,7,9,559719.8968048726,172.2266288330206,6.232942889773837,13.764280556372135,0.03196838960636611,40.27144344012361,4,75.0,68657.96570502703,200
Hybrid Trend-Filtered Mean Reversion,7,10,538180.8458122654,168.30244623222072,6.086689350858833,13.785385029806912,0.0313031820587866,40.69873312026986,4,75.0,68657.96570502703,200
Hybrid Trend-Filtered Mean Reversion,8,1,94717.53932930785,-5.427099355441017,-0.19034926001099373,3.9600630483571755,-0.0017923404891391137,18.39601898051615,1,0.0,68657.96570502703,200
Hybrid Trend-Filtered Mean Reversion,8,2,94910.8387070274,-5.2232275017941605,-0.18320524371631083,3.9600913287452832,-0.001678448308784007,18.39601898051615,1,0.0,68657.96570502703,200
Hybrid Trend-Filtered Mean Reversion,8,3,94175.90584077995,-6.0005813759352415,-0.21044230288723895,3.9645824824164926,-0.002107359204626608,18.39601898051615,1,0.0,68657.96570502703,200
Hybrid Trend-Filtered Mean Reversion,8,4,94212.15500438566,-5.962097871311381,-0.20909408608944655,3.96454676822817,-0.002085931906419504,18.39601898051615,1,0.0,68657.96570502703,200
Hybrid Trend-Filtered Mean Reversion,8,5,186805.63422746587,62.489850116906155,2.218089979778217,7.15890695052371,0.021553495185475554,19.936271682103037,1,100.0,68657.96570502703,200
Hybrid Trend-Filtered Mean Reversion,8,6,186868.06498116706,62.52326469995778,2.219289101974575,7.158984566541172,0.0215636345254718,19.936271682103037,1,100.0,68657.96570502703,200
Hybrid Trend-Filtered Mean Reversion,8,7,188748.67591494205,63.52461870962628,2.255230413779135,7.16108652135511,0.021867919336053265,19.936271682103037,1,100.0,68657.96570502703,200
Hybrid Trend-Filtered Mean Reversion,8,8,185722.36725041003,61.90827234231776,2.1972216200659327,7.169111664540876,0.02134985421200954,19.936271682103037,1,100.0,68657.96570502703,200
Hybrid Trend-Filtered Mean Reversion,8,9,183678.64982783145,60.80175764400892,2.1575290690902276,7.171342091002803,0.021003336503443652,20.129095937940658,1,100.0,68657.96570502703,200
Hybrid Trend-Filtered Mean Reversion,8,10,180140.90056368752,58.85691395983063,2.087801598390314,7.180661070655596,0.02038293736550766,21.680454723543292,1,100.0,68657.96570502703,200
Hybrid Trend-Filtered Mean Reversion,9,1,100000.0,0.0,0.0,0.0,,0.0,0,0.0,68657.96570502703,200
Hybrid Trend-Filtered Mean Reversion,9,2,100000.0,0.0,0.0,0.0,,0.0,0,0.0,68657.96570502703,200
Hybrid Trend-Filtered Mean Reversion,9,3,100000.0,0.0,0.0,0.0,,0.0,0,0.0,68657.96570502703,200
Hybrid Trend-Filtered Mean Reversion,9,4,100000.0,0.0,0.0,0.0,,0.0,0,0.0,68657.96570502703,200
Hybrid Trend-Filtered Mean Reversion,9,5,100000.0,0.0,0.0,0.0,,0.0,0,0.0,68657.96570502703,200
Hybrid Trend-Filtered Mean Reversion,9,6,100000.0,0.0,0.0,0.0,,0.0,0,0.0,68657.96570502703,200
Hybrid Trend-Filtered Mean Reversion,9,7,100000.0,0.0,0.0,0.0,,0.0,0,0.0,68657.96570502703,200
Hybrid Trend-Filtered Mean Reversion,9,8,100000.0,0.0,0.0,0.0,,0.0,0,0.0,68657.96570502703,200
Hybrid Trend-Filtered Mean Reversion,9,9,100000.0,0.0,0.0,0.0,,0.0,0,0.0,68657.96570502703,200
Hybrid Trend-Filtered Mean Reversion,9,10,100000.0,0.0,0.0,0.0,,0.0,0,0.0,68657.96570502703,200
Hybrid Trend-Filtered Mean Reversion,10,1,100000.0,0.0,0.0,0.0,,0.0,0,0.0,68657.96570502703,200
Hybrid Trend-Filtered Mean Reversion,10,2,100000.0,0.0,0.0,0.0,,0.0,0,0.0,68657.96570502703,200
Hybrid Trend-Filtered Mean Reversion,10,3,100000.0,0.0,0.0,0.0,,0.0,0,0.0,68657.96570502703,200
Hybrid Trend-Filtered Mean Reversion,10,4,100000.0,0.0,0.0,0.0,,0.0,0,0.0,68657.96570502703,200
Hybrid Trend-Filtered Mean Reversion,10,5,100000.0,0.0,0.0,0.0,,0.0,0,0.0,68657.96570502703,200
Hybrid Trend-Filtered Mean Reversion,10,6,100000.0,0.0,0.0,0.0,,0.0,0,0.0,68657.96570502703,200
Hybrid Trend-Filtered Mean Reversion,10,7,100000.0,0.0,0.0,0.0,,0.0,0,0.0,68657.96570502703,200
Hybrid Trend-Filtered Mean Reversion,10,8,100000.0,0.0,0.0,0.0,,0.0,0,0.0,68657.96570502703,200
Hybrid Trend-Filtered Mean Reversion,10,9,100000.0,0.0,0.0,0.0,,0.0,0,0.0,68657.96570502703,200
Hybrid Trend-Filtered Mean Reversion,10,10,100000.0,0.0,0.0,0.0,,0.0,0,0.0,68657.96570502703,200
